Sale,Discount,Product,Color,Discounted Price,Original Price,Size
SALE,24% off,Sasha Top,Brown,$35.13 ,$46.02 ,
SALE,18% off,Juliette Satin Playsuit,Black,$48.74 ,$59.63 ,"S, M, L"
SALE,68% off,Blossom Set,Green,$20.42 ,$63.99 ,"S, M, L"
SALE,58% off,Desire Dress,Red,$34.04 ,$81.42 ,"M, L"
SALE,49% off,Amelia Bikini Set,Black,$21.51 ,$42.21 ,"S, M"
SALE,48% off,Ruby Bikini Set,Black,$20.42 ,$39.48 ,"S, M, L"
Elsie Bikini Set | Green,$18.79 ,S,,M,L,
SALE,63% off,Kaya Beach Dress,Lime,$40.57 ,$108.65 ,Free
Santorini Dress | Black,$88.50 ,S/M,,M/L,,
SALE,66% off,Delusion Set,Black,$26.96 ,$80.33 ,"M, L"
SALE,65% off,Maisia Bikini Set,Yellow,$14.98 ,$42.21 ,L
SALE,59% off,Maisie Tanning Bikini Set,,$16.07 ,$39.48 ,"S, M, L"
SALE,51% off,Naomi Cover-up,White,$25.87 ,$53.10 ,
SALE,61% off,Tina Crochet Cover-up,White,$10.62 ,$26.96 ,"S, M, L"
SALE,67% off,Juetta Jumpsuit,Black,$26.96 ,$80.87 ,"S, M, L"
Boho Shell Set | White,$18.79 ,,,,,
SALE,55% off,Mary Cover Up,Black,$18.79 ,$42.21 ,L
SALE,43% off,Anika Dress,White,$36.76 ,$63.99 ,S
Harmony Dress - Yellow,$47.65 ,S,,M,,
SALE,40% off,Chicky Shorts,Black,$20.42 ,$34.04 ,"XS, S"
Layla Set | Green,$48.74 ,L,,,,
Eleni Cotton Pants | Beige,$40.57 ,XS,,S,,
SALE,34% off,Sensation Swimsuit,Black,$26.96 ,$40.84 ,"S, M, L"
SALE,34% off,Sensation Swimsuit,White,$26.96 ,$40.84 ,"S, M, L"
SALE,45% off,Chico Set,Yellow,$26.96 ,$49.01 ,"S, M, L"
Forever Zoe Gift Card,from $54.46,,,,,
SALE,65% off,Flora Bikini Set,Blue,$18.79 ,$54.19 ,"S, M, L"
SOLD OUT,Vera Dress | Black,$81.42 ,,$108.65 ,,
SALE,67% off,Justina Jumpsuit,Peach,$26.96 ,$80.87 ,"S, M, L, XL"
SALE,57% off,Raisa Playsuit,White,$32.40 ,$75.43 ,"M, L"
SALE,67% off,Tanika Top,White,$26.96 ,$81.42 ,"S, M, L"
Leaf Bangle | Gold Colour,$16.07 ,,,,,
Seema Knit Top | White,$26.96 ,S,,M,,
Alice Large Round Earrings | Gold Color,$20.42 ,,,,,
SALE,41% off,New York Dress,Orange,$47.65 ,$81.42 ,"XS, S, M, L"
SALE,45% off,Kiara Jumpsuit,Orange,$34.04 ,$62.36 ,"XS, S, M, L"
SALE,36% off,Eden Dress,White,$47.65 ,$74.88 ,"XS, S, M"
SALE,61% off,Nora Dress,Light Pink,$26.96 ,$69.43 ,"XS, S, M, L"
SALE,60% off,Blossom Dress,White,$32.40 ,$81.42 ,"M, L"
SALE,71% off,Juno Set,Black,$20.42 ,$69.43 ,"S, M"
Maya Earrings | Yellow,$14.98 ,,,,,
Round Nipple Covers,$5.45 ,,,,,
SALE,50% off,Tibila Mesh Blouse,White,$26.96 ,$54.19 ,"S, M, L"
SALE,50% off,Bianca Long Sleeve Sheer Top,Off White,$26.96 ,$54.19 ,"L, XL"
SALE,30% off,Kimano Sequin Maxi Dress & Cover Up,Black,$190.33 ,$272.02 ,"S, M, L"
SALE,74% off,Kaya Beach Dress,Turquoise,$35.13 ,$135.87 ,Free
SALE,67% off,Damayanti Maxi Dress,Black,$26.96 ,$81.42 ,"L, XL"
SALE,50% off,Tamela Top,Black,$26.96 ,$54.19 ,"S, M, L"
SOLD OUT,Island Earrings | Gold Color,$12.25 ,,,,
Camila Pearl Necklace,$16.07 ,,,,,
SALE,43% off,Thea Dress - Green,,$26.96 ,$47.65 ,"S, M, L"
SALE,33% off,Lara Jumpsuit,Yellow & Pink,$54.19 ,$80.87 ,"S, M"
KARISA DRESS - YELLOW,$46.02 ,XS,,S,M,
SALE,50% off,Zina Playsuit,White,$26.96 ,$54.19 ,"S, M, L"
Lee Shorts | Beige,$31.31 ,M,,,,
SALE,52% off,Clio Dress,Light Pink,$25.87 ,$53.64 ,"S, M, L"
Lee Top Bra | Black,$18.79 ,S,,M,L,
SALE,58% off,Nicole Dress,Black,$26.96 ,$63.99 ,"S, M, L"
SALE,50% off,Katie Midi Sheer Dress,Black,$26.96 ,$53.64 ,S
SALE,42% off,Thalia Dress,Green,$31.31 ,$54.19 ,S
SALE,49% off,Bingo Knit Top,Black,$9.53 ,$18.79 ,"S, M"
Galaxy Earrings,$14.98 ,,,,,
SALE,47% off,Bri Bikini Set,Red,$21.51 ,$40.84 ,"S, M, L"
Gold Plated CL Earrings,$12.25 ,,,,,
SALE,32% off,Seashells Bikini Set,Black,$34.04 ,$50.37 ,"S, M, L"
SALE,63% off,Clementine Bikini Set,,$14.98 ,$40.84 ,"S, M, L"
SALE,50% off,Beatrix Set,Yellow,$40.57 ,$81.42 ,"S, M, L"
SALE,50% off,Thea Top,White,$26.96 ,$54.19 ,"M, L, XL"
Leopard Shorts | Black & Gold,$54.19 ,S,,L,XL,
SALE,72% off,Tazia Long Sleeve Blouse,Black,$14.98 ,$54.19 ,S
SALE,43% off,Blosi Long Sleeve Mesh Top,Black,$35.13 ,$61.27 ,"S, M, L, XL"
SALE,43% off,Janicka Blazer,,$62.36 ,$108.65 ,"S, M"
SALE,62% off,Donna Dress,White,$31.31 ,$81.42 ,"S, M, L"
SALE,13% off,Parisa Maxi - Mini Dress,Black,$70.52 ,$81.42 ,L
SALE,22% off,Sheida Dress,Green,$47.65 ,$61.27 ,"XS, S, M, L"
Ray Natural Feathers Headband,$54.19 ,,,,,
Sally Headscarf,$24.23 ,,,,,
Irina Earrings - Gold Color,$12.25 ,,,,,
Naz Simple Bangle,$18.79 ,,,,,
SALE,10% off,Calliope Dress,Mustard,$135.87 ,$151.12 ,S/M
Artemis Dress | Mustard,$135.87 ,One Size,,,,
Alexa Party Dress | Orange,$108.91 ,S,,M,L,
SALE,19% off,Sally Bikini Set,White,$40.57 ,$50.37 ,L
Strapless Self Adhesive Bra,$18.79 ,A,,,,
Zoe Straw And Shell Earrings,$20.42 ,,,,,
Rita Triple Chain Necklace,$26.96 ,,,,,
SALE,17% off,Capri Earrings,,$13.34 ,$16.07 ,
Arya Earrings | Colourful,$42.21 ,,,,,
SALE,22% off,Sheida Dredd,Beige,$47.65 ,$61.27 ,"S, M, L"
High Waisted Seamless Shorts,$17.70 ,S,,M,L,
SALE,15% off,Dimitra Cotton Set,Black,$54.19 ,$63.99 ,"XS, S, L"
SALE,39% off,Yaran Set,Yellow,$54.19 ,$88.50 ,"XS, S"
Flat Waist Belt,$26.96 ,,,,,
Karisa Dress | Beige,$46.02 ,S,,M,,
Tana Set | Khaki,$48.74 ,S,,M,L,
SALE,65% off,Hermione Lose Knit Top,White,$14.98 ,$42.21 ,"S, L"
SALE,23% off,Delia Dress,Black,$37.30 ,$48.20 ,"S, L"
SALE,60% off,Blossom Dress,Green,$32.40 ,$81.42 ,"S, M, L"
SALE,47% off,Angeliki Dress,Light Pink,$34.04 ,$64.53 ,"S, L"
Harper Earrings,$14.98 ,,,,,
Jay Earrings | Turquoise,$21.51 ,,,,,
SALE,45% off,Chico Set,Blue,$26.96 ,$49.01 ,"S, M, L"
SALE,57% off,Aoife Set,Pink,$26.96 ,$62.36 ,"S, M, L"
SALE,49% off,Persephone Set,Green,$40.57 ,$80.33 ,"S, M, L"
SALE,37% off,Una Cover Up,Beige,$26.96 ,$42.75 ,
SALE,41% off,Eva Set,Gray,$40.03 ,$68.07 ,"S, M, L"
Gold Plated Arrow Bangle,$13.34 ,,,,,
Gold Plated Twisted Ear Cuff,$13.34 ,,,,,
Alejandra Necklace,$26.96 ,,,,,
Punk Earrings,$14.98 ,,,,,
SALE,57% off,Aoife Set,Yellow Green,$26.96 ,$62.36 ,"S, M, L"
SALE,41% off,Florence Bikini Set,Yellow,$23.14 ,$39.48 ,"S, M, L"
SALE,50% off,Lottie Set,Dark Blue,$40.57 ,$81.42 ,"S, M, L"
SALE,49% off,Amelia Bikini Set,Pink,$21.51 ,$42.21 ,"S, M, L"
SALE,50% off,Jacinta Cardigan Sequin & Beaded Top,Black,$54.19 ,$108.65 ,"M, L, XL"
SALE,69% off,Desideria Maxi Dress,White,$34.04 ,$108.65 ,M
SALE,31% off,Dotty Maxi Dress,Black,$61.27 ,$88.50 ,"petit S, petit M, petit L"
Vera Kimono | Orange,$43.29 ,S,,M,L,
Crop Tube Top | White,$26.96 ,S,,M,L,
Low Waisted Seamless Knickers | Black,$9.53 ,S,,M,L,
Bahiti Straw Beach Bag,$35.13 ,,,,,
Asenath Boho Straw Hat,$31.31 ,,,,,
Shell Choker,$18.79 ,,,,,
Ella Necklace,$26.96 ,,,,,
Evelyn Earrings,$17.70 ,,,,,
SALE,52% off,Como Knit Dress,Khaki,$20.42 ,$42.21 ,"S, M, L"
SALE,52% off,Kylie Dress,Orange,$20.42 ,$42.21 ,S
Lee Top Bra | White,$18.79 ,S,,M,,
SALE,49% off,Bingo Knit Top,White,$9.53 ,$18.79 ,"S, M, L"
SALE,45% off,Juna Blouse,White,$18.79 ,$34.04 ,S
SOLD OUT,Riley Bracelets,$26.96 ,,,,
Gold Plated Clementine Ear Cuffs,$14.98 ,,,,,
SALE,49% off,Persephone Set,Pink,$40.57 ,$80.33 ,"S, M, L"
SALE,70% off,Freya Bikini Set,,$16.07 ,$54.19 ,"S, M, L"
SALE,49% off,Millie Set,Lilac,$40.57 ,$78.97 ,"S, M, L"
SALE,41% off,Eva Set,Peach,$40.03 ,$68.07 ,"S, M, L"
SALE,57% off,Evie Set,Pink,$35.13 ,$81.42 ,"S, M, L"
SALE,51% off,Jalessa Beaded Jacket,Black,$66.71 ,$135.87 ,M
Paris Backless Maxi Dress | Nude,$116.81 ,S,,M,,
Paris Backless Maxi Dress | Yellow,$116.81 ,S,,M,,
Hestia Maxi Dress | Black,$119.54 ,S,,M,,
Hestia Maxi Dress | Pink,$119.54 ,S,,M,,
Adonis Dress | Sand,$135.87 ,S,,M,,
Adonis Dress | White,$135.87 ,S,,M,,
SALE,18% off,Juliette Satin Playsuit,Blue,$48.74 ,$59.63 ,"XS, S, M, L"
SALE,56% off,Karen Maxi Dress & Cover Up,Beige,$54.19 ,$122.26 ,
SALE,60% off,Dalila Maxi Dress,,$26.96 ,$66.71 ,"S, L"
SALE,64% off,Brandi Beaded Top,Black,$39.48 ,$108.65 ,"S, M, L"
SALE,64% off,Brandi Beaded Top,Beige,$39.48 ,$108.65 ,"S, M, L"
SALE,62% off,Bice Blouse,White,$13.34 ,$35.13 ,"S, M, L"
SALE,50% off,Tala Mesh Top,Beige,$26.96 ,$54.19 ,"S, M"
SALE,50% off,Tala Mesh Top,Black,$26.96 ,$54.19 ,"S, M, L"
SALE,25% off,Vera Dress,Gray,$81.42 ,$108.65 ,
SALE,51% off,Jalessa Beaded Jacket,Beige,$66.71 ,$135.87 ,"S, M, L"
Suzi Natural Feathers Headband,$54.19 ,,,,,
SALE,72% off,Tazia Long Sleeve Blouse,White,$14.98 ,$54.19 ,"S, M, L, XL"
SALE,61% off,Livia Knit Top,Nude,$13.34 ,$34.04 ,"S, M, L"
Melody Skirt | Pink,$54.19 ,S,,M,,
Cosima Shorts | Black & Gold,$54.19 ,S,,L,XL,
SALE,23% off,Bessie Backless Dress & Headscarf Scarf,Turquoise & Purple,from $62.36,$81.42 ,"S, M, L"
SALE,33% off,Tilda Mesh Beaded Cardigan Top,Black,$108.65 ,$163.10 ,M
SALE,43% off,Traviata Sequin & Beaded Top,Off-white,$108.65 ,$190.33 ,"S, M, L"
Bebe Natural Feathers Headband,$43.29 ,,,,,
Serena Mini Dress | Pink,$67.80 ,M,,L,,
Feathers Boho Hair Band,$35.13 ,,,,,
Elf Earrings | Gold Color,$12.25 ,,,,,
Mesh Laundry Zipper Bag,from $4.08,XXS 30x21cm,,XS 40x28cm,S 48x38cm,"L 58x48cm, XL 60x60cm, M 50x40"
Vera Straw Bag | Square,$44.93 ,,,,,
Vera Straw Bag | Round,$44.93 ,,,,,
Square Earrings,$6.81 ,,,,,
Lilian Necklace,$26.96 ,,,,,
Round Chain Earrings,$6.81 ,,,,,
Low Waisted Seamless Knickers | Beige,$9.53 ,S,,M,L,
Strapless C-String Thong,$12.25 ,S,,M,L,
Akila Straw Bag | Orange,$35.13 ,,,,,
Akila Straw Bag | Green,$35.13 ,,,,,
Anippe Boho Straw Hat,$31.31 ,,,,,
Sofiya Belt,$14.98 ,,,,,
Rose Earrings,$12.25 ,,,,,
Anat Bracelets,$12.25 ,,,,,
Boho Shell Set | Black,$18.79 ,,,,,
Dina Bracelets,$17.70 ,,,,,
Clio Turquoise Bracelet,$13.34 ,,,,,
Shari Rose Earrings,$13.34 ,,,,,
Star Pendant,$10.62 ,,,,,
Hand Pendant,$10.62 ,,,,,
Isla Necklace,$26.96 ,,,,,
Julia Earrings,$17.70 ,,,,,
Tina Earrings,$12.25 ,,,,,
Ray Necklace,$26.96 ,,,,,
SOLD OUT,Lili Necklace,$26.96 ,,,,
Valley Necklace,$21.51 ,,,,,
Sadia Necklace,$24.23 ,,,,,
Holy Necklace,$24.23 ,,,,,
Cara Necklace,$24.23 ,,,,,
Maia Necklace,$21.51 ,,,,,
Nona Necklace,$21.51 ,,,,,
Mim Bracelets,$13.34 ,,,,,
Mia Earrings,$9.53 ,,,,,
Vivi Earrings,$17.70 ,,,,,
Butterfly Ear Cuffs / Earrings,$17.70 ,,,,,
Ottoman Earrings,$12.25 ,,,,,
Breeze Earrings | Dark Blue,$17.70 ,,,,,
Breeze Earrings | Red,$17.70 ,,,,,
Breeze Earrings | Yellow,$17.70 ,,,,,
Alexandra Earrings | White,$34.04 ,,,,,
Alexandra Earrings | Dark Blue,$34.04 ,,,,,
Alexandra Earrings | Black,$34.04 ,,,,,
Alexandra Earrings | Aqua,$34.04 ,,,,,
Laura Earrings | Gold,$13.34 ,,,,,
Laura Earrings | Silver,$13.34 ,,,,,
Punk Bracelet,$21.51 ,,,,,
Gold Plated Rosin Necklace,$35.40 ,,,,,
Salsa Triple Chain Necklace,$26.96 ,,,,,
Leah Necklace,$26.96 ,,,,,
SOLD OUT,Solo Necklace,$31.31 ,,,,
Fariba Earrings,$18.79 ,,,,,
Amilia Earrings,$12.25 ,,,,,
SALE,13% off,Jay Earrings,Blue,$36.76 ,$42.21 ,
SALE,13% off,Jay Earrings,Black,$36.76 ,$42.21 ,
Jay Earrings | White,$42.21 ,,,,,
Emily Earrings,$17.70 ,,,,,
The Chloe Earrings,$17.70 ,,,,,
Gold Chain Bracelet,$26.96 ,,,,,
India Earrings | Black,$17.70 ,,,,,
SALE,13% off,Jay Earrings,Colourful,$36.76 ,$42.21 ,
Maya Earrings | Green,$14.98 ,,,,,
Maya Earrings | Red,$14.98 ,,,,,
Boho Short Dress | Vanilla,$54.19 ,XS,,S,M,L
SALE,62% off,Negin Dress,Purple,$20.42 ,$54.19 ,XS
SALE,39% off,Bermuda Dress,Orange,$39.48 ,$65.08 ,"XS, S, M, L"
Seamless Lingerie Set | Black,$14.98 ,XS,,S,M,
Seamless Lingerie Set | Nude,$14.98 ,XS,,S,M,
SALE,43% off,Maya Dress,Green,$26.96 ,$47.65 ,"S, M, L"
Bebe Bohemian Natural Straw Hat,$31.31 ,,,,,
Sana Bohemian Natural Straw Hat,$34.04 ,,,,,
SALE,58% off,SAMIRA DRESS - LIGHT PINK,,$26.96 ,$64.53 ,"XS, S, M, L"
Maya Straw Bag,$42.21 ,,,,,
Sisi Straw Bag,$26.96 ,,,,,
SALE,44% off,Alyne Set,Blue,$34.04 ,$61.27 ,"S, M"
SALE,35% off,Arezoo Dress,Peach,$42.21 ,$64.53 ,"S, M"
SALE,50% off,Sadie Dress,Pink,$26.96 ,$54.19 ,"XS, S, L"
Bronte Set | Beige,$40.57 ,S,,M,L,
SALE,58% off,Anna Dress,Purple,$26.96 ,$63.99 ,"S, M"
SALE,23% off,Delia Dress,Pink,$37.30 ,$48.20 ,"S, M, L"
SALE,50% off,Forest Girl Knit Cover Up,White,$26.96 ,$54.19 ,
SALE,50% off,Ida Dress,Green,$26.96 ,$54.19 ,"XS, S, M, L"
SALE,38% off,Hestia Cover Up,Orange,$26.96 ,$43.29 ,"S, M, L"
SALE,58% off,Nicole Dress,Rosy Brown,$26.96 ,$63.99 ,"XS, S, M, L"
Azelia Cover Up | Lilac,$39.48 ,XS,,S,M,L
Zhuri Earrings,$17.70 ,,,,,
Alicia Earrings | Green,$14.98 ,,,,,
Catalina Belt,$35.13 ,,,,,
Eleanor Blouse | Black,$34.04 ,L,,,,
SALE,52% off,Margaret Dress,Blue,$25.87 ,$54.19 ,"XS, S, M, L"
SALE,55% off,Selene Knit Top,White,$12.25 ,$26.96 ,"S, L"
SALE,48% off,Tessa Set,Orange,$32.40 ,$62.36 ,"XS, S, M, L"
Flow Earrings,$18.79 ,,,,,
Jianna Necklace,$20.42 ,,,,,
Luna Necklace,$26.96 ,,,,,
Maya Triple Chain Necklace,$24.23 ,,,,,
Cherry Necklace,$32.40 ,,,,,
Breeze Earrings | Black,$17.70 ,,,,,
Breeze Earrings | Off White,$17.70 ,,,,,
Maya Earrings | Rose,$14.98 ,,,,,
Infinity Bracelet,$32.40 ,,,,,
SALE,13% off,Jay Earrings,Forest Green,$36.76 ,$42.21 ,
Luciana Necklace,$26.96 ,,,,,
Blossom Earrings,$13.34 ,,,,,
SALE,23% off,Denis Necklace,,$32.40 ,$42.21 ,
Alexandra Earrings | Orange,$34.04 ,,,,,
Bohemian Shell Hat,$31.31 ,,,,,
Half Moon Beach Straw Bag / Clutch,$32.40 ,,,,,
High Waisted Knickers | Seamless Underwear,$14.98 ,S,,L,,
SALE,66% off,Delusion Set,Blush,$26.96 ,$80.33 ,"S, M, L"
SALE,50% off,Beatrix Set,Maroon,from $40.57,$81.42 ,"S, M, L"
SALE,75% off,Cara Set,White,$13.34 ,$54.19 ,"S, M, L"
SALE,62% off,Ruby Bikini Set,White,$20.42 ,$54.19 ,"S, M, L"
SALE,49% off,Millie Set,Cayan,$40.57 ,$78.97 ,"S, M, L"
SALE,47% off,Winifred Set,Black,$39.48 ,$74.88 ,"S, M, L"
SALE,57% off,Evie Set,White,$35.13 ,$81.42 ,"S, M, L"
SALE,32% off,Gina Set,,$46.29 ,$68.07 ,"S, M, L"
Gold Plated Saffron Necklace,$36.76 ,,,,,
Gold Plated Butterfly Necklace,$35.40 ,,,,,
Gold Plated Roisin Necklace / Choker,$39.48 ,,,,,
Gold Plated Pixie Necklace,$42.21 ,,,,,
SALE,24% off,Gold Plated Cerys Earrings,,$20.42 ,$26.96 ,
Gold Plated Catriona Earring,$26.96 ,,,,,
Ray Belt | Gold,$14.98 ,,,,,
Ray Belt | Silver,$14.98 ,,,,,
Savannah Belt,$35.13 ,,,,,
SALE,15% off,Novah Necklace,,$31.31 ,$36.76 ,
Shell Glasses Chain,$14.98 ,,,,,
Wind Bangle,$24.23 ,,,,,
Grace Chain Bracelet,$13.34 ,,,,,
Flat Anklet,$13.34 ,,,,,
SALE,48% off,Ruby Bikini Set,Light Pink,$20.42 ,$39.48 ,"S, M, L"
Flamingo Bikini Set,$16.07 ,S,,M,L,
SALE,47% off,Winifred Set,Lilac,$39.48 ,$74.88 ,"S, M, L"
SALE,42% off,Sally Set,,$40.57 ,$69.43 ,"S, M, L"
SALE,20% off,Gulnar Set - Purple,,$54.19 ,$68.07 ,"S, M, L"
